Workbook

Sheet Crianças
A1: Nome da criança | B1: Sexo (M/F) | C1: Data de nascimento | D1: Nome do responsável | E1: Telefone do responsável | F1: Congregação | G1: Restrição alimentar | H1: Qual restrição | I1: Autismo | J1: Presenças (jan–jul 2026) | K1: Pendências | L1: Observações
A2: Alessia Alves Barbosa | B2: F | C2: 43865 | D2: Cristiane Alves da Silva | E2: 93145-5868 | F2: Pq. Santa Teresa | J2: 19 | K2: =TRIM(IF(B2="","sexo; ","")&IF(C2="","data de nascimento; ","")&IF(D2="","responsável; ","")&IF(E2="","telefone; ","")&IF(AND(G2="Sim",H2=""),"qual restrição; ",""))
A3: Alice Fernandes | B3: F | D3: Maria de Lourdes | E3: 96512-4742 | J3: 1 | K3: =TRIM(IF(B3="","sexo; ","")&IF(C3="","data de nascimento; ","")&IF(D3="","responsável; ","")&IF(E3="","telefone; ","")&IF(AND(G3="Sim",H3=""),"qual restrição; ","")) -> data de nascimento;
A4: Alice Salvador Elias | B4: F | C4: 42682 | D4: Leana Flavia Salvador Elias | E4: (11) 94862-7384 | F4: Pq. Santa Teresa | J4: 3 | K4: =TRIM(IF(B4="","sexo; ","")&IF(C4="","data de nascimento; ","")&IF(D4="","responsável; ","")&IF(E4="","telefone; ","")&IF(AND(G4="Sim",H4=""),"qual restrição; ",""))
A5: Alicia Costa Faria | B5: F | C5: 41792 | D5: Greice Kely Faria | E5: 94797-3304 | J5: 1 | K5: =TRIM(IF(B5="","sexo; ","")&IF(C5="","data de nascimento; ","")&IF(D5="","responsável; ","")&IF(E5="","telefone; ","")&IF(AND(G5="Sim",H5=""),"qual restrição; ",""))
A6: Alícia Estevo Fernandes | B6: F | C6: 43444 | D6: Milena Cristina Felix | E6: 93451-7932 | J6: 15 | K6: =TRIM(IF(B6="","sexo; ","")&IF(C6="","data de nascimento; ","")&IF(D6="","responsável; ","")&IF(E6="","telefone; ","")&IF(AND(G6="Sim",H6=""),"qual restrição; ",""))
A7: Alicia Gabrielly Verciani de Farias | B7: F | C7: 41684 | D7: Edimara Neves de Faria | E7: 96950-9058 | J7: 1 | K7: =TRIM(IF(B7="","sexo; ","")&IF(C7="","data de nascimento; ","")&IF(D7="","responsável; ","")&IF(E7="","telefone; ","")&IF(AND(G7="Sim",H7=""),"qual restrição; ",""))
A8: Ana Clara Maia | B8: F | C8: 44037 | D8: Neuda Maia | E8: 97345-1615 | F8: Jd. Novo Horizonte 2 | J8: 1 | K8: =TRIM(IF(B8="","sexo; ","")&IF(C8="","data de nascimento; ","")&IF(D8="","responsável; ","")&IF(E8="","telefone; ","")&IF(AND(G8="Sim",H8=""),"qual restrição; ",""))
A9: Ana Júlia do Nascimento Ferreira | B9: F | C9: 41708 | D9: Marisa de Oliveira | E9: 96779-9374 | J9: 9 | K9: =TRIM(IF(B9="","sexo; ","")&IF(C9="","data de nascimento; ","")&IF(D9="","responsável; ","")&IF(E9="","telefone; ","")&IF(AND(G9="Sim",H9=""),"qual restrição; ",""))
A10: Ana Júlia Ferreira Alves | B10: F | C10: 42312 | D10: Rosana Regina Rosa | E10: 9735-6275 | J10: 3 | K10: =TRIM(IF(B10="","sexo; ","")&IF(C10="","data de nascimento; ","")&IF(D10="","responsável; ","")&IF(E10="","telefone; ","")&IF(AND(G10="Sim",H10=""),"qual restrição; ",""))
A11: Antonio Miguel Barranhos | B11: M | D11: Claudia Barranhos | J11: 1 | K11: =TRIM(IF(B11="","sexo; ","")&IF(C11="","data de nascimento; ","")&IF(D11="","responsável; ","")&IF(E11="","telefone; ","")&IF(AND(G11="Sim",H11=""),"qual restrição; ","")) -> data de nascimento; telefone;
A12: Arthur Albino Lima | B12: M | C12: 41753 | D12: Claudia Lima | E12: 9928-9255 | J12: 1 | K12: =TRIM(IF(B12="","sexo; ","")&IF(C12="","data de nascimento; ","")&IF(D12="","responsável; ","")&IF(E12="","telefone; ","")&IF(AND(G12="Sim",H12=""),"qual restrição; ",""))
A13: Arthur Carvalho | B13: M | C13: 42954 | D13: Janario | E13: (11) 97303-2058 | F13: Silviana | J13: 1 | K13: =TRIM(IF(B13="","sexo; ","")&IF(C13="","data de nascimento; ","")&IF(D13="","responsável; ","")&IF(E13="","telefone; ","")&IF(AND(G13="Sim",H13=""),"qual restrição; ",""))
A14: Arthur de Oliviera | B14: M | C14: 43297 | D14: Marco Aurélio de Oliviera | E14: 98790-3950 | J14: 3 | K14: =TRIM(IF(B14="","sexo; ","")&IF(C14="","data de nascimento; ","")&IF(D14="","responsável; ","")&IF(E14="","telefone; ","")&IF(AND(G14="Sim",H14=""),"qual restrição; ",""))
A15: Arthur dos Santos Vieira | B15: M | C15: 43069 | D15: Alice Rodrigues dos Santos Silva | E15: 99103-2515 | J15: 2 | K15: =TRIM(IF(B15="","sexo; ","")&IF(C15="","data de nascimento; ","")&IF(D15="","responsável; ","")&IF(E15="","telefone; ","")&IF(AND(G15="Sim",H15=""),"qual restrição; ",""))
A16: Ayla Galdêncio | B16: F | C16: 43594 | D16: Zenaide Gaudêncio | E16: 95490-7307 | J16: 11 | K16: =TRIM(IF(B16="","sexo; ","")&IF(C16="","data de nascimento; ","")&IF(D16="","responsável; ","")&IF(E16="","telefone; ","")&IF(AND(G16="Sim",H16=""),"qual restrição; ",""))
A17: Beatriz Martins Arruda | B17: F | C17: 44248 | D17: Karina Martins | E17: 97966-4252 | J17: 2 | K17: =TRIM(IF(B17="","sexo; ","")&IF(C17="","data de nascimento; ","")&IF(D17="","responsável; ","")&IF(E17="","telefone; ","")&IF(AND(G17="Sim",H17=""),"qual restrição; ",""))
A18: Benjamim Marques | B18: M | C18: 44122 | D18: Sabrina Carnelossi | E18: 98463-7683 | J18: 8 | K18: =TRIM(IF(B18="","sexo; ","")&IF(C18="","data de nascimento; ","")&IF(D18="","responsável; ","")&IF(E18="","telefone; ","")&IF(AND(G18="Sim",H18=""),"qual restrição; ",""))
A19: Bernardo Cerqueira | B19: M | J19: 1 | K19: =TRIM(IF(B19="","sexo; ","")&IF(C19="","data de nascimento; ","")&IF(D19="","responsável; ","")&IF(E19="","telefone; ","")&IF(AND(G19="Sim",H19=""),"qual restrição; ","")) -> data de nascimento; responsável; telefone;
A20: Bernardo Silva Costa Rocha | B20: M | C20: 43588 | D20: Taís Cristina Rocha | E20: (11) 97522-6865 | F20: Pq. Santa Teresa | J20: 5 | K20: =TRIM(IF(B20="","sexo; ","")&IF(C20="","data de nascimento; ","")&IF(D20="","responsável; ","")&IF(E20="","telefone; ","")&IF(AND(G20="Sim",H20=""),"qual restrição; ",""))
A21: Bianca Jeronimo Azevedo | B21: F | C21: 44514 | D21: Sandra Ribeiro | E21: 94088-3095 | J21: 1 | K21: =TRIM(IF(B21="","sexo; ","")&IF(C21="","data de nascimento; ","")&IF(D21="","responsável; ","")&IF(E21="","telefone; ","")&IF(AND(G21="Sim",H21=""),"qual restrição; ",""))
A22: Bryan Anthony Andrade de Deus | B22: M | C22: 41687 | D22: Marilza Alves | F22: Aldeia de Barueri | J22: 1 | K22: =TRIM(IF(B22="","sexo; ","")&IF(C22="","data de nascimento; ","")&IF(D22="","responsável; ","")&IF(E22="","telefone; ","")&IF(AND(G22="Sim",H22=""),"qual restrição; ","")) -> telefone;
A23: Calebe Bernardino Nascimento | B23: M | C23: 44133 | D23: Antônia Elioneide Vieira | E23: 98162-4746 | F23: Pq. Santa Teresa | J23: 6 | K23: =TRIM(IF(B23="","sexo; ","")&IF(C23="","data de nascimento; ","")&IF(D23="","responsável; ","")&IF(E23="","telefone; ","")&IF(AND(G23="Sim",H23=""),"qual restrição; ",""))
A24: Carlos Eduardo | B24: M | D24: Carlos Alberto Dias | E24: (11) 94576-3638 | J24: 1 | K24: =TRIM(IF(B24="","sexo; ","")&IF(C24="","data de nascimento; ","")&IF(D24="","responsável; ","")&IF(E24="","telefone; ","")&IF(AND(G24="Sim",H24=""),"qual restrição; ","")) -> data de nascimento; | L24: Data de nascimento na planilha (24/11/2026) é inválida; deixei em branco.
A25: Daniel Almeida | B25: M | D25: Quezia Perez | E25: 95477-8131 | J25: 1 | K25: =TRIM(IF(B25="","sexo; ","")&IF(C25="","data de nascimento; ","")&IF(D25="","responsável; ","")&IF(E25="","telefone; ","")&IF(AND(G25="Sim",H25=""),"qual restrição; ","")) -> data de nascimento;
A26: Davi Dias | B26: M | D26: Sebastião | E26: (11) 94285-1843 | J26: 1 | K26: =TRIM(IF(B26="","sexo; ","")&IF(C26="","data de nascimento; ","")&IF(D26="","responsável; ","")&IF(E26="","telefone; ","")&IF(AND(G26="Sim",H26=""),"qual restrição; ","")) -> data de nascimento;
A27: Davi Dias Meuquior | B27: M | D27: Carlos Dias Mouquior | E27: (11) 94576-3638 | J27: 1 | K27: =TRIM(IF(B27="","sexo; ","")&IF(C27="","data de nascimento; ","")&IF(D27="","responsável; ","")&IF(E27="","telefone; ","")&IF(AND(G27="Sim",H27=""),"qual restrição; ","")) -> data de nascimento;
A28: Davi Lucas Dasilva Campos | B28: M | D28: Betania Cristina | J28: 1 | K28: =TRIM(IF(B28="","sexo; ","")&IF(C28="","data de nascimento; ","")&IF(D28="","responsável; ","")&IF(E28="","telefone; ","")&IF(AND(G28="Sim",H28=""),"qual restrição; ","")) -> data de nascimento; telefone;
A29: Davi Magalhaes | B29: M | C29: 44941 | D29: Maiara Magalhaes | E29: (11) 98571-6036 | F29: Santa Mariana | J29: 3 | K29: =TRIM(IF(B29="","sexo; ","")&IF(C29="","data de nascimento; ","")&IF(D29="","responsável; ","")&IF(E29="","telefone; ","")&IF(AND(G29="Sim",H29=""),"qual restrição; ",""))
A30: Davi Rodrigues Sabino | B30: M | D30: Paulo Vinicius | J30: 1 | K30: =TRIM(IF(B30="","sexo; ","")&IF(C30="","data de nascimento; ","")&IF(D30="","responsável; ","")&IF(E30="","telefone; ","")&IF(AND(G30="Sim",H30=""),"qual restrição; ","")) -> data de nascimento; telefone;
A31: Davi Sabino de Jesus da Silva | B31: M | C31: 42905 | D31: Manoel Sabino de Jesus da Silva | J31: 1 | K31: =TRIM(IF(B31="","sexo; ","")&IF(C31="","data de nascimento; ","")&IF(D31="","responsável; ","")&IF(E31="","telefone; ","")&IF(AND(G31="Sim",H31=""),"qual restrição; ","")) -> telefone;
A32: Elena Lopes | B32: F | C32: 43881 | D32: Francisca Amorim | E32: 97984-2929 | J32: 16 | K32: =TRIM(IF(B32="","sexo; ","")&IF(C32="","data de nascimento; ","")&IF(D32="","responsável; ","")&IF(E32="","telefone; ","")&IF(AND(G32="Sim",H32=""),"qual restrição; ","")) | L32: Também consta com o responsável Juselino Rodrigues (tel. 9623138).
A33: Emilly Sophia de Souza | B33: F | C33: 42192 | D33: Eliene Pereira | E33: 97674-9894 | J33: 1 | K33: =TRIM(IF(B33="","sexo; ","")&IF(C33="","data de nascimento; ","")&IF(D33="","responsável; ","")&IF(E33="","telefone; ","")&IF(AND(G33="Sim",H33=""),"qual restrição; ",""))
A34: Emily Melo de Oliveira | B34: F | C34: 43218 | D34: Deise Melo | E34: 9759-8735 | J34: 6 | K34: =TRIM(IF(B34="","sexo; ","")&IF(C34="","data de nascimento; ","")&IF(D34="","responsável; ","")&IF(E34="","telefone; ","")&IF(AND(G34="Sim",H34=""),"qual restrição; ",""))
A35: Enrico Barros Freitas | B35: M | C35: 44962 | D35: Diego Freitas | E35: (11) 93143-9971 | J35: 1 | K35: =TRIM(IF(B35="","sexo; ","")&IF(C35="","data de nascimento; ","")&IF(D35="","responsável; ","")&IF(E35="","telefone; ","")&IF(AND(G35="Sim",H35=""),"qual restrição; ",""))
A36: Esther Alves Nunes | B36: F | C36: 43572 | D36: Gilvana Ana | E36: 95050-6690 | J36: 6 | K36: =TRIM(IF(B36="","sexo; ","")&IF(C36="","data de nascimento; ","")&IF(D36="","responsável; ","")&IF(E36="","telefone; ","")&IF(AND(G36="Sim",H36=""),"qual restrição; ","")) | L36: Também consta como "Ester", com responsável Cassiana Alves Nunes (95426-8373).
A37: Fabio Emanuel de Oliveira Neves | B37: M | C37: 42680 | D37: Fabio de Oliveira Neves | E37: (11) 94026-0473 | J37: 9 | K37: =TRIM(IF(B37="","sexo; ","")&IF(C37="","data de nascimento; ","")&IF(D37="","responsável; ","")&IF(E37="","telefone; ","")&IF(AND(G37="Sim",H37=""),"qual restrição; ",""))
A38: Felipe Gabriel Soares Lima | B38: M | C38: 41640 | D38: Maria Daniela Soares Lima | E38: (11) 96561-0103 | F38: Pq. Santa Teresa | I38: Sim | J38: 18 | K38: =TRIM(IF(B38="","sexo; ","")&IF(C38="","data de nascimento; ","")&IF(D38="","responsável; ","")&IF(E38="","telefone; ","")&IF(AND(G38="Sim",H38=""),"qual restrição; ","")) | L38: Marcado como autista na planilha.
A39: Fernanda Mendonça | B39: F | D39: Aline Mendonça | J39: 1 | K39: =TRIM(IF(B39="","sexo; ","")&IF(C39="","data de nascimento; ","")&IF(D39="","responsável; ","")&IF(E39="","telefone; ","")&IF(AND(G39="Sim",H39=""),"qual restrição; ","")) -> data de nascimento; telefone;
A40: Gabriel Bezerra de Almeida | B40: M | C40: 44203 | D40: Alessandra Cristina | E40: 96201-8303 | J40: 3 | K40: =TRIM(IF(B40="","sexo; ","")&IF(C40="","data de nascimento; ","")&IF(D40="","responsável; ","")&IF(E40="","telefone; ","")&IF(AND(G40="Sim",H40=""),"qual restrição; ",""))
A41: Gabriel Moura da Silva | B41: M | C41: 43801 | D41: Fernanda Aparecida | E41: 96154-8660 | J41: 6 | K41: =TRIM(IF(B41="","sexo; ","")&IF(C41="","data de nascimento; ","")&IF(D41="","responsável; ","")&IF(E41="","telefone; ","")&IF(AND(G41="Sim",H41=""),"qual restrição; ",""))
A42: Gabriela Paes Oliviera | B42: F | C42: 42512 | D42: Bruna Evelyn Paz Oliviera | E42: 96891-8588 | J42: 6 | K42: =TRIM(IF(B42="","sexo; ","")&IF(C42="","data de nascimento; ","")&IF(D42="","responsável; ","")&IF(E42="","telefone; ","")&IF(AND(G42="Sim",H42=""),"qual restrição; ",""))
A43: Gabrielle Sophia Felinto | B43: F | C43: 44542 | D43: Geraldina Silva Ferreira | E43: 4146-1206 | J43: 10 | K43: =TRIM(IF(B43="","sexo; ","")&IF(C43="","data de nascimento; ","")&IF(D43="","responsável; ","")&IF(E43="","telefone; ","")&IF(AND(G43="Sim",H43=""),"qual restrição; ",""))
A44: Gael da Rocha Oliviera | B44: M | C44: 43809 | D44: Renan de Oliveira Silva | E44: 98229-7318 | J44: 13 | K44: =TRIM(IF(B44="","sexo; ","")&IF(C44="","data de nascimento; ","")&IF(D44="","responsável; ","")&IF(E44="","telefone; ","")&IF(AND(G44="Sim",H44=""),"qual restrição; ",""))
A45: Geovanna Coelho da Silva | B45: F | C45: 42427 | D45: Ágatha Cristie | E45: 96919-3489 | J45: 1 | K45: =TRIM(IF(B45="","sexo; ","")&IF(C45="","data de nascimento; ","")&IF(D45="","responsável; ","")&IF(E45="","telefone; ","")&IF(AND(G45="Sim",H45=""),"qual restrição; ",""))
A46: Giovanna Moraes | B46: F | C46: 43357 | D46: Karina Moraes Porto | E46: 98648-5911 | J46: 4 | K46: =TRIM(IF(B46="","sexo; ","")&IF(C46="","data de nascimento; ","")&IF(D46="","responsável; ","")&IF(E46="","telefone; ","")&IF(AND(G46="Sim",H46=""),"qual restrição; ",""))
A47: Guilherme Alves de Moura | B47: M | C47: 42375 | D47: Noemi Conceição Moura | E47: 97956-0860 | J47: 10 | K47: =TRIM(IF(B47="","sexo; ","")&IF(C47="","data de nascimento; ","")&IF(D47="","responsável; ","")&IF(E47="","telefone; ","")&IF(AND(G47="Sim",H47=""),"qual restrição; ",""))
A48: Gustavo Alves de Moura | B48: M | C48: 42375 | D48: Noemi Conceição Moura | E48: 97956-0860 | J48: 7 | K48: =TRIM(IF(B48="","sexo; ","")&IF(C48="","data de nascimento; ","")&IF(D48="","responsável; ","")&IF(E48="","telefone; ","")&IF(AND(G48="Sim",H48=""),"qual restrição; ",""))
A49: Helena Barbosa | B49: F | C49: 44942 | D49: Gabrielly Lima Barbosa Almeida | E49: (11) 95122-8727 | J49: 1 | K49: =TRIM(IF(B49="","sexo; ","")&IF(C49="","data de nascimento; ","")&IF(D49="","responsável; ","")&IF(E49="","telefone; ","")&IF(AND(G49="Sim",H49=""),"qual restrição; ",""))
A50: Helena Massaroto | B50: F | C50: 42011 | D50: Talita Massaroto | J50: 1 | K50: =TRIM(IF(B50="","sexo; ","")&IF(C50="","data de nascimento; ","")&IF(D50="","responsável; ","")&IF(E50="","telefone; ","")&IF(AND(G50="Sim",H50=""),"qual restrição; ","")) -> telefone;
A51: Henrique Moises Rosa dos Santos | B51: M | C51: 43388 | D51: Rodrigo Lemos dos Santos | E51: 99360-1306 | F51: Pq. Santa Teresa | J51: 4 | K51: =TRIM(IF(B51="","sexo; ","")&IF(C51="","data de nascimento; ","")&IF(D51="","responsável; ","")&IF(E51="","telefone; ","")&IF(AND(G51="Sim",H51=""),"qual restrição; ",""))
A52: Henry Lucca da Mota Zeferino | B52: M | C52: 44677 | D52: Ines da Mota Zeferino | J52: 1 | K52: =TRIM(IF(B52="","sexo; ","")&IF(C52="","data de nascimento; ","")&IF(D52="","responsável; ","")&IF(E52="","telefone; ","")&IF(AND(G52="Sim",H52=""),"qual restrição; ","")) -> telefone;
A53: Isaac Bezerra de Almeida | B53: M | C53: 43046 | E53: (11) 94026-0473 | J53: 2 | K53: =TRIM(IF(B53="","sexo; ","")&IF(C53="","data de nascimento; ","")&IF(D53="","responsável; ","")&IF(E53="","telefone; ","")&IF(AND(G53="Sim",H53=""),"qual restrição; ","")) -> responsável;
A54: Isaac Pinheiro dos Santos | B54: M | C54: 43813 | D54: Debora Antunes Pinheiro dos Santos | E54: 99700-6404 | I54: Sim | J54: 15 | K54: =TRIM(IF(B54="","sexo; ","")&IF(C54="","data de nascimento; ","")&IF(D54="","responsável; ","")&IF(E54="","telefone; ","")&IF(AND(G54="Sim",H54=""),"qual restrição; ","")) | L54: Autismo informado por você como "Isaque da irmã Débora" (mãe: Débora Antunes). Confirmar se é este Isaac.
A55: Isabel Bernardino | B55: F | C55: 43245 | D55: Antônia Elioneide Vieira | E55: 98162-4746 | J55: 10 | K55: =TRIM(IF(B55="","sexo; ","")&IF(C55="","data de nascimento; ","")&IF(D55="","responsável; ","")&IF(E55="","telefone; ","")&IF(AND(G55="Sim",H55=""),"qual restrição; ",""))
A56: Isabela Olimpio | B56: F | D56: Aline Vianna | F56: Pq. Santa Teresa | G56: Sim | H56: Diabetes | J56: 2 | K56: =TRIM(IF(B56="","sexo; ","")&IF(C56="","data de nascimento; ","")&IF(D56="","responsável; ","")&IF(E56="","telefone; ","")&IF(AND(G56="Sim",H56=""),"qual restrição; ","")) -> data de nascimento; telefone; | L56: Aba Abril (coluna Saúde): diabete.
A57: Isabela Santos Vieira | B57: F | C57: 43835 | D57: Alice Rodrigues dos Santos Silva | E57: 99103-2515 | J57: 2 | K57: =TRIM(IF(B57="","sexo; ","")&IF(C57="","data de nascimento; ","")&IF(D57="","responsável; ","")&IF(E57="","telefone; ","")&IF(AND(G57="Sim",H57=""),"qual restrição; ",""))
A58: Isabela Vitória | B58: F | C58: 44631 | D58: Simone Angelino | E58: 94023-2593 | J58: 1 | K58: =TRIM(IF(B58="","sexo; ","")&IF(C58="","data de nascimento; ","")&IF(D58="","responsável; ","")&IF(E58="","telefone; ","")&IF(AND(G58="Sim",H58=""),"qual restrição; ",""))
A59: Isabela Vitória Brito da Silva | B59: F | C59: 43289 | D59: Mariana Soares Brito da Silva | E59: 98612-2464 | J59: 6 | K59: =TRIM(IF(B59="","sexo; ","")&IF(C59="","data de nascimento; ","")&IF(D59="","responsável; ","")&IF(E59="","telefone; ","")&IF(AND(G59="Sim",H59=""),"qual restrição; ",""))
A60: Isabela Vitoria Moura da Silva | B60: F | D60: Edna Silva de Moura Santos | E60: 96154-8660 | J60: 4 | K60: =TRIM(IF(B60="","sexo; ","")&IF(C60="","data de nascimento; ","")&IF(D60="","responsável; ","")&IF(E60="","telefone; ","")&IF(AND(G60="Sim",H60=""),"qual restrição; ","")) -> data de nascimento;
A61: Isabella Barros Claro da Silva | B61: F | C61: 41823 | D61: Joice Sanches Silva | E61: 99487-8114 | J61: 1 | K61: =TRIM(IF(B61="","sexo; ","")&IF(C61="","data de nascimento; ","")&IF(D61="","responsável; ","")&IF(E61="","telefone; ","")&IF(AND(G61="Sim",H61=""),"qual restrição; ",""))
A62: Isabella Geraldelo Rovales | B62: F | C62: 43174 | D62: Michel Fernando Rovales | E62: (11) 93047-5020 | J62: 1 | K62: =TRIM(IF(B62="","sexo; ","")&IF(C62="","data de nascimento; ","")&IF(D62="","responsável; ","")&IF(E62="","telefone; ","")&IF(AND(G62="Sim",H62=""),"qual restrição; ",""))
A63: Isabelle Sophia Felinto | B63: F | C63: 42643 | D63: Geraldina Silva Ferreira | E63: 4146-1206 | J63: 9 | K63: =TRIM(IF(B63="","sexo; ","")&IF(C63="","data de nascimento; ","")&IF(D63="","responsável; ","")&IF(E63="","telefone; ","")&IF(AND(G63="Sim",H63=""),"qual restrição; ",""))
A64: Isac Henrique Costa Barros | B64: M | C64: 43640 | D64: Evelin Vitoria | E64: 96067-3217 | F64: Jd. Bolívar | J64: 2 | K64: =TRIM(IF(B64="","sexo; ","")&IF(C64="","data de nascimento; ","")&IF(D64="","responsável; ","")&IF(E64="","telefone; ","")&IF(AND(G64="Sim",H64=""),"qual restrição; ",""))
A65: Isis Torquato Soares | B65: F | D65: Maria Socorro Torquato | E65: 96777-0026 | J65: 4 | K65: =TRIM(IF(B65="","sexo; ","")&IF(C65="","data de nascimento; ","")&IF(D65="","responsável; ","")&IF(E65="","telefone; ","")&IF(AND(G65="Sim",H65=""),"qual restrição; ","")) -> data de nascimento;
A66: João Lucas Messias Oliveira | B66: M | C66: 42915 | D66: Rodrigo Lemos dos Santos | E66: 99360-1306 | J66: 1 | K66: =TRIM(IF(B66="","sexo; ","")&IF(C66="","data de nascimento; ","")&IF(D66="","responsável; ","")&IF(E66="","telefone; ","")&IF(AND(G66="Sim",H66=""),"qual restrição; ",""))
A67: Jordan Stefan Andrade de Deus | B67: M | C67: 43771 | D67: Marilza Alves | F67: Aldeia de Barueri | J67: 2 | K67: =TRIM(IF(B67="","sexo; ","")&IF(C67="","data de nascimento; ","")&IF(D67="","responsável; ","")&IF(E67="","telefone; ","")&IF(AND(G67="Sim",H67=""),"qual restrição; ","")) -> telefone;
A68: Jose Luis Dias | B68: M | C68: 44959 | D68: Helen Dias | E68: 96523-3968 | J68: 1 | K68: =TRIM(IF(B68="","sexo; ","")&IF(C68="","data de nascimento; ","")&IF(D68="","responsável; ","")&IF(E68="","telefone; ","")&IF(AND(G68="Sim",H68=""),"qual restrição; ",""))
A69: Juan da Rocha Oliveira | B69: M | C69: 41862 | D69: Renan de Oliveira Silva | E69: 98229-7318 | J69: 13 | K69: =TRIM(IF(B69="","sexo; ","")&IF(C69="","data de nascimento; ","")&IF(D69="","responsável; ","")&IF(E69="","telefone; ","")&IF(AND(G69="Sim",H69=""),"qual restrição; ",""))
A70: Julia Brizzola | B70: M | C70: 44488 | D70: Tatiane Brizolla | E70: (11) 99427-2216 | F70: Holanda / Pq. Santa Teresa | J70: 2 | K70: =TRIM(IF(B70="","sexo; ","")&IF(C70="","data de nascimento; ","")&IF(D70="","responsável; ","")&IF(E70="","telefone; ","")&IF(AND(G70="Sim",H70=""),"qual restrição; ",""))
A71: Julia Eloise Soares Lima | B71: F | C71: 43270 | D71: Maria Daniela Soares Lima | E71: (11) 96561-0103 | F71: Pq. Santa Teresa | J71: 17 | K71: =TRIM(IF(B71="","sexo; ","")&IF(C71="","data de nascimento; ","")&IF(D71="","responsável; ","")&IF(E71="","telefone; ","")&IF(AND(G71="Sim",H71=""),"qual restrição; ",""))
A72: Julia Mendonça | B72: F | C72: 42569 | D72: Josi Mendonça | E72: (11) 95815-2488 | F72: Pq. Santa Teresa | J72: 6 | K72: =TRIM(IF(B72="","sexo; ","")&IF(C72="","data de nascimento; ","")&IF(D72="","responsável; ","")&IF(E72="","telefone; ","")&IF(AND(G72="Sim",H72=""),"qual restrição; ",""))
A73: Karoline Soares Pereira da Silva | B73: F | D73: Valdelis Pereira da Silva | J73: 1 | K73: =TRIM(IF(B73="","sexo; ","")&IF(C73="","data de nascimento; ","")&IF(D73="","responsável; ","")&IF(E73="","telefone; ","")&IF(AND(G73="Sim",H73=""),"qual restrição; ","")) -> data de nascimento; telefone;
A74: Laila dos Santos Sa | B74: F | C74: 43597 | D74: Cleide dos Santos | E74: (11) 9640-8598 | J74: 2 | K74: =TRIM(IF(B74="","sexo; ","")&IF(C74="","data de nascimento; ","")&IF(D74="","responsável; ","")&IF(E74="","telefone; ","")&IF(AND(G74="Sim",H74=""),"qual restrição; ",""))
A75: Lara Barbosa Chaves | B75: F | C75: 44352 | D75: Thais Cristina Barbosa | E75: 96803-9559 | I75: Sim | J75: 1 | K75: =TRIM(IF(B75="","sexo; ","")&IF(C75="","data de nascimento; ","")&IF(D75="","responsável; ","")&IF(E75="","telefone; ","")&IF(AND(G75="Sim",H75=""),"qual restrição; ","")) | L75: Aba Abril (coluna Saúde): autismo.
A76: Lauany Vitória Balbino Moura | B76: F | C76: 44234 | D76: Jenifer Moura | E76: 91180-9168 | J76: 1 | K76: =TRIM(IF(B76="","sexo; ","")&IF(C76="","data de nascimento; ","")&IF(D76="","responsável; ","")&IF(E76="","telefone; ","")&IF(AND(G76="Sim",H76=""),"qual restrição; ",""))
A77: Laura de Oliveira Melo | B77: F | C77: 43145 | D77: Felipe Marques de Melo | E77: 98858-6307 | J77: 2 | K77: =TRIM(IF(B77="","sexo; ","")&IF(C77="","data de nascimento; ","")&IF(D77="","responsável; ","")&IF(E77="","telefone; ","")&IF(AND(G77="Sim",H77=""),"qual restrição; ",""))
A78: Laura Dias Guimarães | B78: F | C78: 44379 | D78: Ariedine | E78: 94855-3017 | J78: 1 | K78: =TRIM(IF(B78="","sexo; ","")&IF(C78="","data de nascimento; ","")&IF(D78="","responsável; ","")&IF(E78="","telefone; ","")&IF(AND(G78="Sim",H78=""),"qual restrição; ",""))
A79: Laura Nunes Mendes | B79: F | C79: 43202 | D79: Leticia Carla Nunes Mendes | E79: 97992-4926 | F79: Jd. Joelma | J79: 1 | K79: =TRIM(IF(B79="","sexo; ","")&IF(C79="","data de nascimento; ","")&IF(D79="","responsável; ","")&IF(E79="","telefone; ","")&IF(AND(G79="Sim",H79=""),"qual restrição; ",""))
A80: Laura Santana | B80: F | J80: 1 | K80: =TRIM(IF(B80="","sexo; ","")&IF(C80="","data de nascimento; ","")&IF(D80="","responsável; ","")&IF(E80="","telefone; ","")&IF(AND(G80="Sim",H80=""),"qual restrição; ","")) -> data de nascimento; responsável; telefone;
A81: Leticia Felix | B81: F | C81: 42997 | D81: Neuda Maia | E81: 97345-1615 | F81: Jd. Novo Horizonte 2 | J81: 1 | K81: =TRIM(IF(B81="","sexo; ","")&IF(C81="","data de nascimento; ","")&IF(D81="","responsável; ","")&IF(E81="","telefone; ","")&IF(AND(G81="Sim",H81=""),"qual restrição; ",""))
A82: Lorena Carapina | B82: F | C82: 44913 | D82: Ana Flavia | E82: (11) 94740-0165 | J82: 1 | K82: =TRIM(IF(B82="","sexo; ","")&IF(C82="","data de nascimento; ","")&IF(D82="","responsável; ","")&IF(E82="","telefone; ","")&IF(AND(G82="Sim",H82=""),"qual restrição; ",""))
A83: Lorena Liz Firmino | B83: F | C83: 44519 | D83: Daniele Firmino | E83: 98210-7148 | J83: 1 | K83: =TRIM(IF(B83="","sexo; ","")&IF(C83="","data de nascimento; ","")&IF(D83="","responsável; ","")&IF(E83="","telefone; ","")&IF(AND(G83="Sim",H83=""),"qual restrição; ",""))
A84: Lorenzo Gabriel Marins | B84: M | J84: 1 | K84: =TRIM(IF(B84="","sexo; ","")&IF(C84="","data de nascimento; ","")&IF(D84="","responsável; ","")&IF(E84="","telefone; ","")&IF(AND(G84="Sim",H84=""),"qual restrição; ","")) -> data de nascimento; responsável; telefone;
A85: Lucas Barbosa Chaves | B85: M | C85: 41854 | D85: Thais Cristina Barbosa | E85: 96803-9559 | J85: 3 | K85: =TRIM(IF(B85="","sexo; ","")&IF(C85="","data de nascimento; ","")&IF(D85="","responsável; ","")&IF(E85="","telefone; ","")&IF(AND(G85="Sim",H85=""),"qual restrição; ",""))
A86: Luisa Ribeiro | B86: F | C86: 44789 | D86: Bruna da Silva Ribeiro | E86: (11) 99467-0469 | J86: 5 | K86: =TRIM(IF(B86="","sexo; ","")&IF(C86="","data de nascimento; ","")&IF(D86="","responsável; ","")&IF(E86="","telefone; ","")&IF(AND(G86="Sim",H86=""),"qual restrição; ",""))
A87: Luiz Henrique Melo | B87: M | C87: 41875 | D87: Felipe Marques de Melo | E87: 98858-6307 | J87: 3 | K87: =TRIM(IF(B87="","sexo; ","")&IF(C87="","data de nascimento; ","")&IF(D87="","responsável; ","")&IF(E87="","telefone; ","")&IF(AND(G87="Sim",H87=""),"qual restrição; ",""))
A88: Luiz Miguel Maciel da Silva | B88: M | C88: 44546 | D88: Heloise Beatriz Maciel | J88: 1 | K88: =TRIM(IF(B88="","sexo; ","")&IF(C88="","data de nascimento; ","")&IF(D88="","responsável; ","")&IF(E88="","telefone; ","")&IF(AND(G88="Sim",H88=""),"qual restrição; ","")) -> telefone;
A89: Luna Magalhães | B89: F | C89: 42572 | D89: Maria de Lourdes | E89: 96512-4742 | J89: 12 | K89: =TRIM(IF(B89="","sexo; ","")&IF(C89="","data de nascimento; ","")&IF(D89="","responsável; ","")&IF(E89="","telefone; ","")&IF(AND(G89="Sim",H89=""),"qual restrição; ",""))
A90: Maely Barbosa Nascimento | B90: F | C90: 42013 | D90: Marta Barbosa Nascimento | E90: 94428-9193 | F90: Pq. Santa Teresa | G90: Sim | H90: Diabetes | J90: 17 | K90: =TRIM(IF(B90="","sexo; ","")&IF(C90="","data de nascimento; ","")&IF(D90="","responsável; ","")&IF(E90="","telefone; ","")&IF(AND(G90="Sim",H90=""),"qual restrição; ","")) | L90: Restrição informada por você; a aba Abril indica "diabética".
A91: Maite | B91: F | D91: Maria de Luz | J91: 1 | K91: =TRIM(IF(B91="","sexo; ","")&IF(C91="","data de nascimento; ","")&IF(D91="","responsável; ","")&IF(E91="","telefone; ","")&IF(AND(G91="Sim",H91=""),"qual restrição; ","")) -> data de nascimento; telefone;
A92: Maitê Magalhães | B92: F | C92: 43328 | D92: Geraldina Silva Ferreira | E92: 4146-1206 | J92: 8 | K92: =TRIM(IF(B92="","sexo; ","")&IF(C92="","data de nascimento; ","")&IF(D92="","responsável; ","")&IF(E92="","telefone; ","")&IF(AND(G92="Sim",H92=""),"qual restrição; ",""))
A93: Maite Magalhaes Oliveira | B93: F | D93: Maria de Lourdes | E93: 96512-4742 | J93: 1 | K93: =TRIM(IF(B93="","sexo; ","")&IF(C93="","data de nascimento; ","")&IF(D93="","responsável; ","")&IF(E93="","telefone; ","")&IF(AND(G93="Sim",H93=""),"qual restrição; ","")) -> data de nascimento;
A94: Manuela Santos Azevedo | B94: F | C94: 42739 | D94: Idaiana Azevedo | E94: 94611-7283 | F94: Pq. Santa Teresa | J94: 1 | K94: =TRIM(IF(B94="","sexo; ","")&IF(C94="","data de nascimento; ","")&IF(D94="","responsável; ","")&IF(E94="","telefone; ","")&IF(AND(G94="Sim",H94=""),"qual restrição; ",""))
A95: Márcio Eduardo da Silva Borgh | B95: M | C95: 41657 | D95: Greyce Karen da Silva | E95: 91310-0003 | J95: 4 | K95: =TRIM(IF(B95="","sexo; ","")&IF(C95="","data de nascimento; ","")&IF(D95="","responsável; ","")&IF(E95="","telefone; ","")&IF(AND(G95="Sim",H95=""),"qual restrição; ",""))
A96: Maria Cecília Gomes de Melo | B96: F | C96: 42988 | D96: Elaine Cristina de Oliveira | E96: 99738-0917 | J96: 2 | K96: =TRIM(IF(B96="","sexo; ","")&IF(C96="","data de nascimento; ","")&IF(D96="","responsável; ","")&IF(E96="","telefone; ","")&IF(AND(G96="Sim",H96=""),"qual restrição; ",""))
A97: Maria Clara Pereira | B97: F | D97: Nazare | J97: 1 | K97: =TRIM(IF(B97="","sexo; ","")&IF(C97="","data de nascimento; ","")&IF(D97="","responsável; ","")&IF(E97="","telefone; ","")&IF(AND(G97="Sim",H97=""),"qual restrição; ","")) -> data de nascimento; telefone;
A98: Maria Eduarda da Silva Lima | B98: F | D98: Maria Aparecida da Silva Lima | J98: 1 | K98: =TRIM(IF(B98="","sexo; ","")&IF(C98="","data de nascimento; ","")&IF(D98="","responsável; ","")&IF(E98="","telefone; ","")&IF(AND(G98="Sim",H98=""),"qual restrição; ","")) -> data de nascimento; telefone;
A99: Maria Eduarda Eugênio | B99: F | C99: 42230 | D99: Douglas Eduardo Norato | E99: 98784-0760 | J99: 19 | K99: =TRIM(IF(B99="","sexo; ","")&IF(C99="","data de nascimento; ","")&IF(D99="","responsável; ","")&IF(E99="","telefone; ","")&IF(AND(G99="Sim",H99=""),"qual restrição; ",""))
A100: Maria Esther Ferreira dos Anjos | B100: F | C100: 43353 | D100: Alissane Ferreira Batista | E100: (11) 98335-6577 | J100: 1 | K100: =TRIM(IF(B100="","sexo; ","")&IF(C100="","data de nascimento; ","")&IF(D100="","responsável; ","")&IF(E100="","telefone; ","")&IF(AND(G100="Sim",H100=""),"qual restrição; ",""))
...

Sheet Resumo
A1: Resumo da planilha de crianças do EBI
A3: Total de crianças | B3: =COUNTA(Crianças!A2:A140) -> 139
A4: Meninos (M) | B4: =COUNTIF(Crianças!B2:B140,"M") -> 62
A5: Meninas (F) | B5: =COUNTIF(Crianças!B2:B140,"F") -> 77
A6: Com autismo | B6: =COUNTIF(Crianças!I2:I140,"Sim") -> 5
A7: Com restrição alimentar | B7: =COUNTIF(Crianças!G2:G140,"Sim") -> 5
A8: Com congregação informada | B8: =COUNTA(Crianças!F2:F140) -> 26
A9: Sem data de nascimento | B9: =COUNTBLANK(Crianças!C2:C140) -> 28
A10: Sem nome do responsável | B10: =COUNTBLANK(Crianças!D2:D140) -> 6
A11: Sem telefone | B11: =COUNTBLANK(Crianças!E2:E140) -> 26
A12: Crianças com alguma pendência | B12: =COUNTIF(Crianças!K2:K140,"?*") -> 39
A14: Quantas crianças ficam conforme o mínimo de presenças
A15: Mínimo de presenças (edite o número) | B15: Crianças
A16: 1 | B16: =COUNTIF(Crianças!J2:J140,">="&A16) -> 139
A17: 2 | B17: =COUNTIF(Crianças!J2:J140,">="&A17) -> 72
A18: 3 | B18: =COUNTIF(Crianças!J2:J140,">="&A18) -> 53
A19: 4 | B19: =COUNTIF(Crianças!J2:J140,">="&A19) -> 43
A20: 5 | B20: =COUNTIF(Crianças!J2:J140,">="&A20) -> 37
A22: Critério usado: ficaram as crianças com pelo menos 1 presença registrada na planilha (jan a 1º sábado de jul/2026).
A23: As que não tiveram nenhuma presença estão na aba "Retiradas", para você conferir.
A24: De agosto a dezembro a planilha original não tem presenças preenchidas.
A25: Células amarelas na aba "Crianças" = dado obrigatório que falta. Laranja = restrição sem dizer qual.
A26: Restrição alimentar e autismo em branco = nenhuma informação recebida.

Sheet Conferir
A1: A) Nomes que juntei em uma só criança (confirme os de certeza "Média")
A2: Ficou como | B2: Nomes encontrados na planilha | C2: Certeza | D2: Motivo
A3: Alice Salvador Elias | B3: ALICE SALVADOR ELIAS | ALICIA SALVADOR | C3: Média | D3: Nomes parecidos, nunca presentes no mesmo sábado; "Alicia Salvador" estava marcada para completar cadastro.
A4: Arthur dos Santos Vieira | B4: ARTHUR DOS SANTOS | ARTHUR DOS SANTOS VIEIRA | C4: Média | D4: Cadastrado sem dados em abril e com nome completo em junho; sem presença no mesmo sábado.
A5: Beatriz Martins Arruda | B5: BEATRIZ MARTINS ARRUDA | MEATRIZ MARTINS ARRUDA | C5: Alta | D5: "Meatriz" é erro de digitação; mesmo telefone.
A6: Benjamim Marques | B6: BENJAMIM MARQUES | BENNJAMIN MARQUES | C6: Alta | D6: Mesma data de nascimento, responsável e telefone.
A7: Davi Magalhaes | B7: DAVI MAGALHAES | DAVI MAGALHÃES VILAR | C7: Alta | D7: Mesma data de nascimento e telefone.
A8: Elena Lopes | B8: ELENA LOPES | ELENA LOPES BATISTA | HELENA LOPES | C8: Média | D8: Mesma data de nascimento (20/02/2020), mas dois responsáveis: Francisca Amorim e Juselino Rodrigues. Usei Francisca (aparece em todos os meses).
A9: Esther Alves Nunes | B9: ESTER ALVES NUNES | ESTHER ALVES NUNES | C9: Média | D9: Duas linhas quase iguais, com responsáveis e telefones diferentes, nunca presentes no mesmo sábado. Usei a linha com data de nascimento.
A10: Felipe Gabriel Soares Lima | B10: FELIPE GABRIEL SOARES | FELIPE GABRIEL SOARES LIMA | C10: Alta | D10: Linha sem sobrenome e sem dados.
A11: Gael da Rocha Oliviera | B11: GAEL DA ROCHA OLIVIERA | GAEL DA ROCJHA OLIVIERA | C11: Alta | D11: Erro de digitação; mesma data de nascimento e responsável.
A12: Geovanna Coelho da Silva | B12: GEOVANNA COELHO DA SILVA | GIOVANNA COELHO DA SILVA | C12: Alta | D12: Mesma data de nascimento, responsável e telefone.
A13: Isabela Olimpio | B13: ISABELA OLIMPIO | ISABELLA OLIMPIO | C13: Alta | D13: Mesmo responsável (Aline).
... A20: Rian Meireles Oliveira | B20: RIAN MEIRELES OLIVEIRA | RIAN MEIRELES OLIVVEIRA | RYAN MEIRELES OLIVVEIRA | C20: Alta | D20: Erro de digitação; mesma data de nascimento, responsável e telefone.
A22: B) Nomes parecidos que mantive SEPARADOS (confirme se são a mesma criança)
A23: Criança 1 | B23: Criança 2 | D23: Por que fiquei em dúvida
A24: Davi Dias (resp. Sebastião) | B24: Davi Dias Meuquior (resp. Carlos Dias Mouquior) | D24: Sobrenome parecido, mas responsáveis e telefones diferentes.
A25: Davi Rodrigues Sabino (resp. Paulo Vinicius) | B25: Davi Sabino de Jesus da Silva (resp. Manoel Sabino) | D25: Sobrenome Sabino em comum; responsáveis diferentes.
A26: Miguel Brito (resp. Graziela Silva Brito) | B26: Miguel Ramos Leme | D26: Mesma responsável em algumas linhas, mas datas de nascimento diferentes (2018 e 2016).
A27: Maitê (resp. Maria de Luz) | B27: Maitê Magalhães / Maitê Magalhães Oliveira | D27: Três registros com nome parecido; tiveram presença no mesmo sábado, então mantive separados.
A28: Maria Vitória de Oliveira | B28: Maria Vitória Oliveira | D28: Nomes quase iguais, mas datas de nascimento e responsáveis diferentes.
A29: Bernardo Cerqueira | B29: Bernardo Silva Costa Rocha | D29: Mesmo primeiro nome; sem dados para comparar.
A31: C) Dados estranhos ou faltando na planilha original
A32: Assunto | B32: O que encontrei | D32: O que fiz
A33: Criança sem nome (aba Maio, linha 282) | B33: A célula do nome só tem "1". Sexo F, nascimento 06/03/2017, responsável Iraci Alves de Carvalho, 1 presença. | D33: Não entrou na lista principal. Se você souber o nome, é só me dizer que eu incluo.
A34: Carlos Eduardo | B34: Data de nascimento 24/11/2026 (no futuro). | D34: Deixei a data em branco.
A35: Júlia Brizzola | B35: Sexo M na planilha, mas o nome é feminino. | D35: Mantive M como estava; confirme.
A36: Felipe Gabriel Soares Lima e Roger Roberto Gomes de Melo | B36: Nascimento 01/01/2014 e 01/01/2015: parecem datas provisórias. | D36: Mantive como estava.
A37: Isaque da irmã Débora | B37: Não há "Isaque" com responsável Débora; o mais provável é Isaac Pinheiro dos Santos (mãe Débora Antunes Pinheiro dos Santos). | D37: Marquei autismo nele. Confirme se é este.
A38: Laura Valentina Rodrigues Sales | B38: A aba Abril indica autismo, mas ela não tem nenhuma presença registrada. | D38: Ficou na aba "Retiradas".
A39: Rafaela de Oliveira Chaves | B39: Você informou restrição alimentar, mas não sei qual. | D39: Deixei "Qual restrição" em branco (célula laranja).

Sheet Retiradas
A1: Nome da criança | B1: Sexo | C1: Nome do responsável | D1: Telefone | E1: Presenças | F1: Observação
A2: Agatha Marques | B2: F | C2: Ana Paula | E2: 0
A3: Agnes Bulhoes | B3: F | C3: Geilza Bulhoes | D3: 96210-6191 | E3: 0
A4: Alice Liane O. Lenke | B4: F | C4: Mariana D. Osório | D4: 98315-9041 | E4: 0
A5: Alicia Zahir Santana | B5: F | C5: Simone Araujo | D5: 98115-6307 | E5: 0
A6: Alisson de Jesus Santos | B6: M | D6: 11966-5318 | E6: 0
A7: Amabil Habasa | B7: F | C7: Edson Moises Alves | D7: (94) 6557-5722 | E7: 0
A8: Ana Carolyne Almeida Lima | B8: F | C8: Ir. Débora Pereira | D8: 99516-0118 | E8: 0
A9: Ana Clara | B9: F | C9: Marta Magalhães | D9: (11) 99587-4751 | E9: 0
A10: Ana Clara Cardosa da Silva | B10: F | C10: Maria Salvani | E10: 0
A11: Ana Clara da Silva Ribeiro | B11: F | C11: Jaqueline Alves da Silva Ribeiro | D11: (11) 94725-9974 | E11: 0
A12: Ana Clara Gonçalves de Alencar | B12: F | C12: Marta Magalhães | D12: (11) 99587-4751 | E12: 0
A13: Ana Flavia | B13: F | C13: Patricia Regina | D13: 94435-0636 | E13: 0
A14: Ana Flavia Oliveira Pires | B14: F | C14: Daniele de Freitas Santos | D14: 98449-8852 | E14: 0
A15: Ana Vitoria Oliveira Santos | B15: F | C15: Ana Vitória Oliveira | D15: (11) 95649-5684 | E15: 0
A16: Anthoni Gabriel Passos | B16: M | C16: Barbara Luana | D16: (73) 99920-4642 | E16: 0
A17: Arthur Coelho Ponte | B17: M | C17: Ágatha Cristie | D17: 96919-3489 | E17: 0
A18: Arthur Luis Alexandre Estevo | B18: M | C18: Milena Estevo | D18: (11) 93451-7933 | E18: 0
A19: Beatriz Manuela Valentim Lourenço | B19: F | C19: Rosangela Valentim | D19: 94329-7076 | E19: 0
A20: Bernardo Leite Luciano | B20: M | C20: Patricia Leite | E20: 0
A21: Breno Gael Silva | B21: M | C21: Celia Silva | D21: (11) 98681-3733 | E21: 0
A22: Bryan da Silva Oliveira | B22: M | C22: Jessica Naiara | D22: 99301-5716 | E22: 0
A23: Catarina Fernandes Maques | B23: F | C23: Dorvalino Marques de Oliveira | D23: (11) 98685-3977 | E23: 0
A24: Clarice Benassi Laurino | B24: F | C24: Ana Paula Benassi Rodrigues | D24: (91) 7641-3558 | E24: 0
A25: Daniel da Silva Lopes | B25: M | C25: Edilaine da Silva Lopes | D25: (96) 2475-3776 | E25: 0
A26: Daniel Gade Pessoa Rodrigues | B26: M | C26: Geane Pessoa | D26: (11) 94532-1151 | E26: 0
A27: Daniel Rodrigues | B27: M | C27: Josilene Mendes Rodrigues | D27: (11) 96403-3898 | E27: 0
A28: Daniel Rodrigues Miguel de Oliveira | B28: M | C28: Karoline Rodrigues Oliveira | D28: (11) 95882-2694 | E28: 0
A29: Daniel Silva Barros | B29: M | C29: Edilaine da Silva Lopes | D29: (96) 2475-3776 | E29: 0
A30: Danielle Eduarda G dos Santos | B30: F | C30: Josiele Gomes | D30: 96084-6647 | E30: 0
A31: Danielle Valentina de Bastos Vieira | B31: F | C31: Deise Aparecida Vieira | D31: 97017-6166 | E31: 0
A32: Davi Arthur B | B32: M | C32: Greyce | D32: 9992-3578 | E32: 0
... A45: Eduardo Damas | B45: M | C45: Dalva Damas | D45: (13) 99744-1541 | E45: 0
A46: Eloa Cardoso | B46: F | C46: Maria Salvani | E46: 0
A47: Emanuelle Oliveira Nunes de Almeida | B47: F | C47: Amanda Almeida | D47: 93408-6727 | E47: 0
A48: Emanuelly de Oliveira Viera | B48: F | C48: Joyce | E48: 0
A49: Emilly Sofia Alves Paixão | B49: F | C49: Kelly Alves Rita | D49: 97645-2712 | E49: 0
A50: Emily Vitoria Marcela de Souza | B50: F | C50: Michele Vanessa Felix Estevo Barcelos | D50: (11) 98766-4940 | E50: 0
A51: Enzo Phelipe Gomes da Silva | B51: M | C51: Greyce Karen da Silva | E51: 0
A52: Ester Ferreira de Lima Moreira | B52: F | E52: 0
A53: Ester Vitoria Aguiar | B53: F | C53: Patrícia Regina Aguiar | D53: 94435-0936 | E53: 0
A54: Esther Cardoso de Paiva | B54: F | C54: Vera Lucia Gonçalves | D54: 99465-8892 | E54: 0
A55: Evillen Vitoria | B55: F | C55: Lucia do Espirito Santo | D55: (11) 97199-6552 | E55: 0
A56: Ezequiel Fiuza Machado | B56: M | C56: Monica Fiuza Jorge | D56: (11) 96091-1689 | E56: 0
A57: Felipe Gonzaga Rovaris | B57: M | C57: Denise Rovaris | D57: (11) 99848-9033 | E57: 0
A58: Felipe Leandro | B58: M | C58: Vagner Camilo | D58: (11) 96562-2921 | E58: 0
A59: Gabriel Arthur Mirandaalmeida | B59: M | C59: Thais | D59: 93341-8034 | E59: 0
A60: Gabriel da Silva Lima | B60: M | C60: Franciele Chaga da Silva | E60: 0
A61: Gabriel Monzane de Oliveira | B61: M | C61: Mariana Monzane | E61: 0
A62: Gregory Almeida Lima | B62: M | C62: Ir. Débora Pereira | D62: 99516-0118 | E62: 0
A63: Gustavo Miguel dos Santos | B63: M | C63: Michele Vanessa Estevo | D63: 98766-4940 | E63: 0
A64: Haniel Micael Verciani de Farias | B64: M | C64: Edimara Neves de Faria | D64: 96950-9058 | E64: 0
A65: Heitor Magalhães | B65: M | C65: Marta Magalhães | D65: 99587-4751 | E65: 0
A66: Heitor Oliveira | B66: M | C66: Luzia | D66: (11) 97576-1605 | E66: 0
A67: Heitor Pereira dos Santos | B67: M | C67: Katia Santos | D67: 98036-4433 | E67: 0
A68: Heitor Ribeiro Caetano | B68: M | C68: Rosemeire Ribeiro Caetano | D68: (11) 96345-0246 | E68: 0
A69: Heitor Souza Rodrigues | B69: M | C69: Graziela Cristina de Souza | D69: 94817-3997 | E69: 0
A70: Helena Nunes | B70: F | C70: Alessandra Cristina | D70: (11) 98305-4246 | E70: 0
A71: Helena Oliveira Costa | B71: F | C71: Jermina Santos Costa | D71: 91115-1752 | E71: 0
A72: Helena Silva Marques | B72: F | C72: Michele de Jesus Silva | D72: (11) 95820-6803 | E72: 0
A73: Helena Vitrória | B73: F | C73: Marilena Ssantos Lucio | D73: (31) 99435-6779 | E73: 0
... A76: Heloisa Leani | B76: F | C76: Claudia | D76: 98192-4804 | E76: 0
A77: Heloisa Lopes de Oliveira | B77: F | C77: Joyce | E77: 0
A78: Heloísa Magalhães | B78: F | C78: Marta Magalhães | D78: 99587-4751 | E78: 0
A79: Heloisa Torquato | B79: F | C79: Maria Socorro Torquato | D79: 96777-0026 | E79: 0
A80: Heloisa Vitoria da Silva | B80: F | C80: Mariele O. Melo da Silva | D80: 94669-0049 | E80: 0
A81: Henrique de Souza Oliveira | B81: M | C81: Sara de Souza Oliveira | D81: 9596-1117 | E81: 0
A82: Henrique Gabriel da Silva | B82: M | C82: Fatima Sa Santos Souza | D82: 98811-9309 | E82: 0
A83: Henrique Oliveira | B83: M | C83: Misaque de Oliveira | D83: (11) 94700-2489 | E83: 0
A84: Henrique Silva | B84: M | C84: Mariele O. Melo da Silva | D84: 9466-9004 | E84: 0
A85: Henrique Silva Vieira | B85: M | C85: Thais Cristina da Silva Vieira | D85: 95947-8265 | E85: 0
A86: Henrique Thiago Araujo | B86: M | C86: Pablo Araújo | D86: 98033-8723 | E86: 0
A87: Hiago Faria Carvalho | B87: M | C87: Marcelo Carvalho da Cruz | D87: (11) 98834-4114 | E87: 0
A88: Isabela Faria de Melo | B88: F | C88: Andreia Faria dos Santos | D88: 95874-1339 | E88: 0
A89: Isabela Pereira Rocha | B89: F | C89: Marilene Pereira Rocha | D89: (11) 95905-0524 | E89: 0
A90: Isabella Vitoria dos Santos** | B90: F | C90: Fernanda Aparecida | E90: 0
A91: Isabelle Ferreira Oliveira | B91: F | C91: Rose | D91: 97052-5956 | E91: 0
A92: Isac Pereira Rocha | B92: M | C92: Marilene Pereira Rocha | D92: (11) 95905-0524 | E92: 0
A93: Isadora Pereira Rocha | B93: F | C93: Marilene Pereira Rocha | D93: (11) 95905-0524 | E93: 0
A94: Isaque Emanuel Nascimento Silva | B94: M | C94: Diogiones Cicero Sobrinho Filho | D94: (87) 99211-8075 | E94: 0
A95: Izaque Emanuel Nascimento | B95: M | C95: Dionisiens Cicero | D95: (11) 99211-8075 | E95: 0
A96: Jhulia Emanuele S.o dos Santos | B96: F | C96: Joseane Santana da Silva | D96: (11) 94149-5674 | E96: 0
A97: João Vitor Araujo da Costa | B97: M | C97: Samuel da Costa | D97: (11) 95131-3525 | E97: 0
A98: Joao Vitor Rodrigues da Silva | B98: M | C98: Edjane Maria da Silva | D98: 96605-6372 | E98: 0
A99: Jose Fernando Cardoso Teixeira | B99: M | C99: Talita Janaina Cardoso Teixeira | D99: (11) 94752-7380 | E99: 0
A100: Kael Estephan Ribeiro Vasconcelos | B100: M | C100: Caroline Ribeiro Figueiredo | D100: 93383-6775 | E100: 0
A101: Kaique Breno Kika Ferreira | B101: M | C101: Joel Ferreira | D101: (11) 95245-0199 | E101: 0
A102: Ketlyn Vitoria | B102: F | C102: Fatima Sa Santos Souza | D102: 98811-9309 | E102: 0
... A104: Lauanny Ester Ribeiro Moraes | B104: F | C104: Ana Paula Ribeiro de O Moraes | D104: 93492-9503 | E104: 0
A105: Laura Valentina Rodrigues Sales | B105: F | C105: Ruama Rodrigues Jorge Moura | D105: (11) 98195-2521 | E105: 0 | F105: Aba Abril indica autismo (coluna Saúde).
A106: Lavinia Araujo Assunção | B106: F | C106: Bruno Belo Assunção | D106: 97359-9333 | E106: 0
A107: Leonardo Vieira Fernandes | B107: M | C107: Deise Aparecida Vieira | D107: 97017-6166 | E107: 0
A108: Levi Gonçalves Jose Debarros | B108: M | C108: Merilin | D108: 98787-3391 | E108: 0
A109: Lidia Portiolli de Barros | B109: F | C109: Luciana Portiolli Gomes de Barrods | E109: 0
A110: Lorena Caroline Berçot dos Santos | B110: F | C110: Amanda Caroline Berçot | D110: (11) 96089-2982 | E110: 0
A111: Lorena Silva Valim | B111: F | C111: Danieli da Silva | D111: 98737-3853 | E111: 0
A112: Louize Moraes Assunção | B112: F | C112: Cláudia Talini | D112: 98828-1237 | E112: 0
A113: Luana Miranda | B113: F | C113: Elaine Cristina | D113: 9973-8017 | E113: 0
A114: Maejori Nogueira | B114: F | C114: Joana Oliveira | D114: (11) 99261-7994 | E114: 0
A115: Maite Sophie da Silva Sobral | B115: F | C115: Erica Thais da Silva Sobral | D115: 93949-7013 | E115: 0
...
